month,month_name,SNOW
1,January,0.8739130434782608
2,February,2.1913043478260867
3,March,0.21739130434782608
4,April,0.0
5,May,0.0
6,June,0.0
7,July,0.0
8,August,0.0
9,September,0.0
10,October,0.0
11,November,0.2086956521739131
12,December,1.482608695652174
